{"symbol2idx": {"<T>": 1, "pcu": 2, "cat0": 3, "<N>": 4, "[Cu][Cu]": 5, "<E_1>": 6, "[N]": 7, "[#C]": 8, "[C]": 9, "[=Branch1]": 10, "[Branch2]": 11, "[=C]": 12, "[Branch1]": 13, "[Ring1]": 14, "[#N]": 15, "<E_2>": 16, "[O-1]": 17, "[=O]": 18, "[=Branch2]": 19, "[=Ring1]": 20, "[=N]": 21, "pts": 22, "[Fe]": 23, "[O]": 24, "[NH1]": 25, "[Ring2]": 26, "[#Branch2]": 27, "[S]": 28, "fsc": 29, "[Zn][Zn]": 30, "[#Branch1]": 31, "lvt": 32, "[none]": 33, "[Zn][O]([Zn])([Zn])[Zn]": 34, "fof": 35, "bcu": 36, "[Cd]": 37, "nbo": 38, "dia": 39, "[Cu]": 40, "[Br]": 41, "[NH0]": 42, "[P]": 43, "[=Ring2]": 44, "thj": 45, "[Co][Co]": 46, "[Cl]": 47, "cat1": 48, "[F]": 49, "sqc": 50, "hxg": 51, "[Ti]12[O]3[Ti]4[O]2[Ti]2[O]4[Ti]4[O]5[Ti]3[O]1[Ti]5[O]24": 52, "moa": 53, "[CH0]": 54, "[CH1]": 55, "[=CH0]": 56, "cds": 57, "lon": 58, "[Zn]": 59, "uni": 60, "fel": 61, "[Fe][Fe]": 62, "ths": 63, "sxb": 64, "[Ce]": 65, "[Er][Er]": 66, "sql": 67, "ssb": 68, "mmt": 69, "flu": 70, "pto": 71, "asf": 72, "bsn": 73, "[I]": 74, "umx": 75, "wut": 76, "dmp": 77, "[Co][OH2][Co]": 78, "[V]1[OH][V][OH][V][OH][V][OH]1": 79, "vmi": 80, "una": 81, "[OH0]": 82, "tfz": 83, "fcu": 84, "[O]12[Zr]34[OH]5[Zr]62[OH]2[Zr]71[OH]4[Zr]14[O]3[Zr]35[O]6[Zr]2([O]71)[OH]43": 85, "cdl": 86, "Cl[Mn][Mn]Cl": 87, "upa": 88, "xai": 89, "unc": 90, "tfs": 91, "uoc": 92, "jea": 93, "moc": 94, "[Sm]": 95, "rnb": 96, "[Dy]": 97, "ptr": 98, "mco": 99, "kag": 100, "bbl": 101, "jeb": 102, "[Co]": 103, "und": 104, "[Li]": 105, "ung": 106, "[La]": 107, "ukk": 108, "bbj": 109, "mote": 110, "jsd": 111, "uml": 112, "qtz": 113, "xbe": 114, "wbl": 115, "crb": 116, "icf": 117, "ato": 118, "ttp": 119, "[Al]": 120, "ftw": 121, "stc": 122, "unj": 123, "[=NH0]": 124, "mou": 125, "baa": 126, "tfl": 127, "tbo": 128, "tfo": 129, "ins": 130, "ske": 131, "Cl[Zn]": 132, "ptt": 133, "uog": 134, "unh": 135, "[SH0]": 136, "ume": 137, "bnn": 138, "sse": 139, "rtl": 140, "[Ho]": 141, "qzd": 142, "sod": 143, "frl": 144, "mog": 145, "rob": 146, "cat3": 147, "stj": 148, "sml": 149, "bbm": 150, "xmz": 151, "[Ni][OH2]([Ni])[Ni]": 152, "itv": 153, "uot": 154, "uov": 155, "[Ni]": 156, "[Cu][Cu][Cu][Cu]": 157, "bpi": 158, "uoj": 159, "nab": 160, "[Mn]": 161, "[Co][OH]([Co])[Co]": 162, "stu": 163, "[Nd][Nd]": 164, "sbr": 165, "neb": 166, "pte": 167, "bba": 168, "bbd": 169, "mgg": 170, "smd": 171, "bbi": 172, "coe": 173, "nog": 174, "[Ni][O]([Ni])([Ni])[Ni]": 175, "cdm": 176, "cdle": 177, "wjh": 178, "mcn": 179, "cda": 180, "noq": 181, "[Gd]": 182, "qdl": 183, "tfzd": 184, "sxc": 185, "sne": 186, "flue": 187, "cdz": 188, "[CH2]": 189, "cdn": 190, "uny": 191, "nia": 192, "rna": 193, "[Eu]": 194, "[Cu]1[Cu][Cu][Cu]1": 195, "[Mg]": 196, "[Y][Y]": 197, "bbk": 198, "act": 199, "vby": 200, "wmi": 201, "[N+1]": 202, "smt": 203, "umv": 204, "hmse": 205, ".": 206, "vbm": 207, "ithd": 208, "Cl[La](Cl)Cl": 209, "[O]12[Zr]34[O]5[Zr]62[O]2[Zr]71[O]4[Zr]14[O]3[Zr]35[O]6[Zr]2([O]71)[O]43": 210, "kto": 211, "bbe": 212, "stb": 213, "[Tm]": 214, "snx": 215, "ctn": 216, "why": 217, "unb": 218, "dmd": 219, "[Ca]": 220, "nom": 221, "bbh": 222, "pcl": 223, "usf": 224, "atn": 225, "fry": 226, "F[Al]": 227, "[Pr]": 228, "sma": 229, "eea": 230, "tfa": 231, "lcy": 232, "unp": 233, "[Ni][OH2][Ni]1[OH2][Ni][OH2]1": 234, "vmd": 235, "nou": 236, "[Mg][OH]1[Mg][OH]([Mg]1)[Mg]": 237, "scu": 238, "[Ni][Ni]": 239, "mot": 240, "hms": 241, "O1O[Co]1[Co]1OO1": 242, "the": 243, "ukm": 244, "[Si]": 245, "smn": 246, "tfi": 247, "[Ni][OH2][Ni]": 248, "rhr": 249, "umg": 250, "uom": 251, "flt": 252, "nor": 253, "npo": 254, "mdf": 255, "[Lu]": 256, "bel": 257, "crs": 258, "hyw": 259, "snk": 260, "pth": 261, "fsm": 262, "wky": 263, "ssd": 264, "ssa": 265, "yug": 266, "[OH2][Gd]": 267, "[Er]": 268, "isq": 269, "fnh": 270, "tfe": 271, "[Branch3]": 272, "bbf": 273, "sab": 274, "[Co][O]([Zn])[Co]": 275, "[Nd]": 276, "unm": 277, "fet": 278, "tsg": 279, "wei": 280, "pcuh": 281, "uod": 282, "[Y]": 283, "msp": 284, "snl": 285, "zyl": 286, "umj": 287, "tfb": 288, "brl": 289, "uob": 290, "fsg": 291, "los": 292, "muo": 293, "[Zn]Br": 294, "vcc": 295, "I[Cu]1[Cu][Cu]1(I)(I)I": 296, "snz": 297, "[Tb]": 298, "une": 299, "[Cu][OH]1[Cu][OH]([Cu]1)[Cu]": 300, "fsh": 301, "smk": 302, "nox": 303, "uki": 304, "mmo": 305, "[=S]": 306, "sqp": 307, "sit": 308, "bbg": 309, "dft": 310, "zxc": 311, "sra": 312, "ssf": 313, "pds": 314, "bik": 315, "[Yb]": 316, "uos": 317, "gra": 318, "uoh": 319, "reo": 320, "[O]12[Hf]34[O]5[Hf]62[O]2[Hf]71[O]4[Hf]14[O]3[Hf]35[O]6[Hf]2([O]71)[O]43": 321, "smg": 322, "ecu": 323, "isp": 324, "nts": 325, "lil": 326, "spn": 327, "eta": 328, "srs": 329, "[U]": 330, "bbr": 331, "uku": 332, "bco": 333, "umw": 334, "Cl[Al]Cl": 335, "mab": 336, "xux": 337, "isx": 338, "acs": 339, "[O][Ni][O]([Ni][O])[Ni][O]": 340, "umc": 341, "dmc": 342, "urh": 343, "[Cu][O]1[Cu][O]([Cu]1)[Cu]": 344, "unn": 345, "nfc": 346, "lcv": 347, "[Cu]O[Cu]": 348, "not": 349, "[Zn][OH]([Zn][OH]([Zn])[Zn])[Zn]": 350, "skd": 351, "nat": 352, "sol": 353, "vmj": 354, "llj": 355, "[Tb]12[OH]3[Tb]4[OH]2[Tb]2[OH]1[Tb]3[OH]42": 356, "apo": 357, "[Mn][Mn]": 358, "fmj": 359, "O[Cu]": 360, "sni": 361, "[=Branch3]": 362, "smc": 363, "vbo": 364, "cag": 365, "gwg": 366, "smm": 367, "hex": 368, "[Co][OH]1[Co][OH]([Co])[Co]2[OH]([Co]1[OH]2[Co])[Co]": 369, "upb": 370, "qtzx": 371, "jbw": 372, "ket": 373, "vmk": 374, "sur": 375, "tsb": 376, "uoq": 377, "sta": 378, "mer": 379, "wfa": 380, "tfg": 381, "smb": 382, "qtze": 383, "ukg": 384, "[Cu]Br": 385, "cut": 386, "mmm": 387, "stw": 388, "sda": 389, "lfm": 390, "fjh": 391, "gis": 392, "[Ti]": 393, "cus": 394, "apd": 395, "[O][Fe][O]([Fe][O])[Fe][O]": 396, "tcb": 397, "[O][Cr][O]([Cr][O])[Cr][O]": 398, "[Ni][O]([Zn])[Zn]": 399, "wjf": 400, "[Np]1O[Np]O[Np]O1": 401, "btu": 402, "fsl": 403, "vmg": 404, "hcb": 405, "ksx": 406, "[Co][OH]1[Co][OH]([Co]1)[Co]": 407, "mok": 408, "bbx": 409, "ucn": 410, "[OH2][Lu]": 411, "sty": 412, "[Zn][OH][Zn]": 413, "bne": 414, "[Zr]": 415, "ukv": 416, "bbs": 417, "ttx": 418, "anh": 419, "stx": 420, "gee": 421, "ofp": 422, "sow": 423, "tfc": 424, "wiv": 425, "umq": 426, "lim": 427, "ant": 428, "ukc": 429, "xbq": 430, "sms": 431, "zyg": 432, "csq": 433, "[Mg][OH2][Mg]": 434, "[OH2][La]": 435, "cml": 436, "sca": 437, "[Zn][O]([Cd])([Cd])[Cd]": 438, "cdq": 439, "[Sr]": 440, "ums": 441, "etb": 442, "[Cu][OH]([Cu])[Cu]": 443, "nod": 444, "mod": 445, "ile": 446, "[Co][OH]([Co][OH]([Co])[Co])[Co]": 447, "snq": 448, "wgy": 449, "lcs": 450, "[=N+1]": 451, "kea": 452, "wia": 453, "snp": 454, "[Dy][Dy]": 455, "[Zn][OH]1[Zn][OH]([Zn]1)[Zn]": 456, "[CH3]": 457, "phi": 458, "ntt": 459, "can": 460, "cbt": 461, "[O]12[Hf]34[OH]5[Hf]62[OH]2[Hf]71[OH]4[Hf]14[O]3[Hf]35[O]6[Hf]2([O]71)[OH]43": 462, "smu": 463, "tfj": 464, "[Gd]12[OH]3[Gd]4[OH]2[Gd]2[OH]1[Gd]3[OH]42": 465, "Cl[Cd]": 466, "[Co][O]([Zn])[Zn]": 467, "lig": 468, "[In]": 469, "fog": 470, "[Pr][Pr]": 471, "oso": 472, "lqm": 473, "zec": 474, "lwg": 475, "Cl[Cd]Cl": 476, "bcq": 477, "baz": 478, "umo": 479, "epz": 480, "gsi": 481, "som": 482, "lni": 483, "wma": 484, "[=CH1]": 485, "[Cr][Cr]": 486, "[Eu]12[OH]3[Eu]4[OH]2[Eu]2[OH]1[Eu]3[OH]42": 487, "znp": 488, "[Ni][OH]1[Ni][OH]([Ni]1)[Ni]": 489, "bpq": 490, "asv": 491, "Cl[Cu]": 492, "btoe": 493, "uoe": 494, "cbn": 495, "[Ni][OH]1[Ni][OH]([Ni])[Ni]2[OH]([Ni]1[OH]2[Ni])[Ni]": 496, "uox": 497, "tsy": 498, "[Cu][OH]1[Cu][OH]([Cu]1)[Cu]12([OH2][OH2]2)[OH2][OH2]1": 499, "bbv": 500, "vmh": 501, "uow": 502, "etbe": 503, "fvl": 504, "[Cu]I": 505, "uoa": 506, "fvn": 507, "uol": 508, "[Zn][O]([Zn])[Zn]": 509, "osa": 510, "cfc": 511, "ylf": 512, "wji": 513, "ukj": 514, "mjb": 515, "[Fe][O]1[Fe][O]([Fe]1)[Fe]": 516, "iss": 517, "ltj": 518, "fse": 519, "[O]12[Ti]34[OH]5[Ti]62[OH]2[Ti]71[OH]4[Ti]14[O]3[Ti]35[O]6[Ti]2([O]71)[OH]43": 520, "pcb": 521, "[Mg][OH2][Mg][OH2][Mg]": 522, "tsa": 523, "ttu": 524, "qnb": 525, "[OH2][Ni][OH2][Ni]": 526, "bcn": 527, "uop": 528, "phw": 529, "[Cd][Cd]": 530, "wmf": 531, "upd": 532, "unx": 533, "[S][Cu][Cu][S]": 534, "[Sc]": 535, "[Ni]O[Ni]": 536, "stp": 537, "cha": 538, "[O]12[Zr]34[OH]5[Ce]62[OH]2[Zr]71[OH]4[Ce]14[O]3[Zr]35[O]6[Zr]2([O]71)[OH]43": 539, "deh": 540, "umm": 541, "uof": 542, "spl": 543, "[Ag]": 544, "[Fe][O]([Fe])[Fe]": 545, "sno": 546, "vme": 547, "fsy": 548, "Cl[Co]Cl": 549, "[Pr]12[OH]3[Pr]4[OH]2[Pr]2[OH]1[Pr]3[OH]42": 550, "ukn": 551, "bcg": 552, "[Mn][O]([Mn])[Mn]": 553, "[Ni][OH][Ni]": 554, "[Sn][O]1[Sn][O]([Sn]1)[Sn]": 555, "[In][O]1[Mn][O]([Mn]1)[In]": 556, "cdj": 557, "urj": 558, "[IH0]": 559, "smj": 560, "cat5": 561, "cat2": 562, "pyr": 563, "[#CH0]": 564, "tty": 565, "umr": 566, "wmg": 567, "lone": 568, "[Ni]O[Ni]O[Ni]": 569, "wmc": 570, "xat": 571, "[Co]O[Co]1O[Co](O1)O[Co]": 572, "[Rb]1[O]2[O]1[Rb]2": 573, "utp": 574, "brk": 575, "tzs": 576, "ict": 577, "cqh": 578, "[Ni]O[Ni]1O[Ni](O1)O[Ni]": 579, "phx": 580, "umu": 581, "ptsf": 582, "[Cu][OH][Cu][OH][Cu]": 583}, "idx2symbol": {"1": "<T>", "2": "pcu", "3": "cat0", "4": "<N>", "5": "[Cu][Cu]", "6": "<E_1>", "7": "[N]", "8": "[#C]", "9": "[C]", "10": "[=Branch1]", "11": "[Branch2]", "12": "[=C]", "13": "[Branch1]", "14": "[Ring1]", "15": "[#N]", "16": "<E_2>", "17": "[O-1]", "18": "[=O]", "19": "[=Branch2]", "20": "[=Ring1]", "21": "[=N]", "22": "pts", "23": "[Fe]", "24": "[O]", "25": "[NH1]", "26": "[Ring2]", "27": "[#Branch2]", "28": "[S]", "29": "fsc", "30": "[Zn][Zn]", "31": "[#Branch1]", "32": "lvt", "33": "[none]", "34": "[Zn][O]([Zn])([Zn])[Zn]", "35": "fof", "36": "bcu", "37": "[Cd]", "38": "nbo", "39": "dia", "40": "[Cu]", "41": "[Br]", "42": "[NH0]", "43": "[P]", "44": "[=Ring2]", "45": "thj", "46": "[Co][Co]", "47": "[Cl]", "48": "cat1", "49": "[F]", "50": "sqc", "51": "hxg", "52": "[Ti]12[O]3[Ti]4[O]2[Ti]2[O]4[Ti]4[O]5[Ti]3[O]1[Ti]5[O]24", "53": "moa", "54": "[CH0]", "55": "[CH1]", "56": "[=CH0]", "57": "cds", "58": "lon", "59": "[Zn]", "60": "uni", "61": "fel", "62": "[Fe][Fe]", "63": "ths", "64": "sxb", "65": "[Ce]", "66": "[Er][Er]", "67": "sql", "68": "ssb", "69": "mmt", "70": "flu", "71": "pto", "72": "asf", "73": "bsn", "74": "[I]", "75": "umx", "76": "wut", "77": "dmp", "78": "[Co][OH2][Co]", "79": "[V]1[OH][V][OH][V][OH][V][OH]1", "80": "vmi", "81": "una", "82": "[OH0]", "83": "tfz", "84": "fcu", "85": "[O]12[Zr]34[OH]5[Zr]62[OH]2[Zr]71[OH]4[Zr]14[O]3[Zr]35[O]6[Zr]2([O]71)[OH]43", "86": "cdl", "87": "Cl[Mn][Mn]Cl", "88": "upa", "89": "xai", "90": "unc", "91": "tfs", "92": "uoc", "93": "jea", "94": "moc", "95": "[Sm]", "96": "rnb", "97": "[Dy]", "98": "ptr", "99": "mco", "100": "kag", "101": "bbl", "102": "jeb", "103": "[Co]", "104": "und", "105": "[Li]", "106": "ung", "107": "[La]", "108": "ukk", "109": "bbj", "110": "mote", "111": "jsd", "112": "uml", "113": "qtz", "114": "xbe", "115": "wbl", "116": "crb", "117": "icf", "118": "ato", "119": "ttp", "120": "[Al]", "121": "ftw", "122": "stc", "123": "unj", "124": "[=NH0]", "125": "mou", "126": "baa", "127": "tfl", "128": "tbo", "129": "tfo", "130": "ins", "131": "ske", "132": "Cl[Zn]", "133": "ptt", "134": "uog", "135": "unh", "136": "[SH0]", "137": "ume", "138": "bnn", "139": "sse", "140": "rtl", "141": "[Ho]", "142": "qzd", "143": "sod", "144": "frl", "145": "mog", "146": "rob", "147": "cat3", "148": "stj", "149": "sml", "150": "bbm", "151": "xmz", "152": "[Ni][OH2]([Ni])[Ni]", "153": "itv", "154": "uot", "155": "uov", "156": "[Ni]", "157": "[Cu][Cu][Cu][Cu]", "158": "bpi", "159": "uoj", "160": "nab", "161": "[Mn]", "162": "[Co][OH]([Co])[Co]", "163": "stu", "164": "[Nd][Nd]", "165": "sbr", "166": "neb", "167": "pte", "168": "bba", "169": "bbd", "170": "mgg", "171": "smd", "172": "bbi", "173": "coe", "174": "nog", "175": "[Ni][O]([Ni])([Ni])[Ni]", "176": "cdm", "177": "cdle", "178": "wjh", "179": "mcn", "180": "cda", "181": "noq", "182": "[Gd]", "183": "qdl", "184": "tfzd", "185": "sxc", "186": "sne", "187": "flue", "188": "cdz", "189": "[CH2]", "190": "cdn", "191": "uny", "192": "nia", "193": "rna", "194": "[Eu]", "195": "[Cu]1[Cu][Cu][Cu]1", "196": "[Mg]", "197": "[Y][Y]", "198": "bbk", "199": "act", "200": "vby", "201": "wmi", "202": "[N+1]", "203": "smt", "204": "umv", "205": "hmse", "206": ".", "207": "vbm", "208": "ithd", "209": "Cl[La](Cl)Cl", "210": "[O]12[Zr]34[O]5[Zr]62[O]2[Zr]71[O]4[Zr]14[O]3[Zr]35[O]6[Zr]2([O]71)[O]43", "211": "kto", "212": "bbe", "213": "stb", "214": "[Tm]", "215": "snx", "216": "ctn", "217": "why", "218": "unb", "219": "dmd", "220": "[Ca]", "221": "nom", "222": "bbh", "223": "pcl", "224": "usf", "225": "atn", "226": "fry", "227": "F[Al]", "228": "[Pr]", "229": "sma", "230": "eea", "231": "tfa", "232": "lcy", "233": "unp", "234": "[Ni][OH2][Ni]1[OH2][Ni][OH2]1", "235": "vmd", "236": "nou", "237": "[Mg][OH]1[Mg][OH]([Mg]1)[Mg]", "238": "scu", "239": "[Ni][Ni]", "240": "mot", "241": "hms", "242": "O1O[Co]1[Co]1OO1", "243": "the", "244": "ukm", "245": "[Si]", "246": "smn", "247": "tfi", "248": "[Ni][OH2][Ni]", "249": "rhr", "250": "umg", "251": "uom", "252": "flt", "253": "nor", "254": "npo", "255": "mdf", "256": "[Lu]", "257": "bel", "258": "crs", "259": "hyw", "260": "snk", "261": "pth", "262": "fsm", "263": "wky", "264": "ssd", "265": "ssa", "266": "yug", "267": "[OH2][Gd]", "268": "[Er]", "269": "isq", "270": "fnh", "271": "tfe", "272": "[Branch3]", "273": "bbf", "274": "sab", "275": "[Co][O]([Zn])[Co]", "276": "[Nd]", "277": "unm", "278": "fet", "279": "tsg", "280": "wei", "281": "pcuh", "282": "uod", "283": "[Y]", "284": "msp", "285": "snl", "286": "zyl", "287": "umj", "288": "tfb", "289": "brl", "290": "uob", "291": "fsg", "292": "los", "293": "muo", "294": "[Zn]Br", "295": "vcc", "296": "I[Cu]1[Cu][Cu]1(I)(I)I", "297": "snz", "298": "[Tb]", "299": "une", "300": "[Cu][OH]1[Cu][OH]([Cu]1)[Cu]", "301": "fsh", "302": "smk", "303": "nox", "304": "uki", "305": "mmo", "306": "[=S]", "307": "sqp", "308": "sit", "309": "bbg", "310": "dft", "311": "zxc", "312": "sra", "313": "ssf", "314": "pds", "315": "bik", "316": "[Yb]", "317": "uos", "318": "gra", "319": "uoh", "320": "reo", "321": "[O]12[Hf]34[O]5[Hf]62[O]2[Hf]71[O]4[Hf]14[O]3[Hf]35[O]6[Hf]2([O]71)[O]43", "322": "smg", "323": "ecu", "324": "isp", "325": "nts", "326": "lil", "327": "spn", "328": "eta", "329": "srs", "330": "[U]", "331": "bbr", "332": "uku", "333": "bco", "334": "umw", "335": "Cl[Al]Cl", "336": "mab", "337": "xux", "338": "isx", "339": "acs", "340": "[O][Ni][O]([Ni][O])[Ni][O]", "341": "umc", "342": "dmc", "343": "urh", "344": "[Cu][O]1[Cu][O]([Cu]1)[Cu]", "345": "unn", "346": "nfc", "347": "lcv", "348": "[Cu]O[Cu]", "349": "not", "350": "[Zn][OH]([Zn][OH]([Zn])[Zn])[Zn]", "351": "skd", "352": "nat", "353": "sol", "354": "vmj", "355": "llj", "356": "[Tb]12[OH]3[Tb]4[OH]2[Tb]2[OH]1[Tb]3[OH]42", "357": "apo", "358": "[Mn][Mn]", "359": "fmj", "360": "O[Cu]", "361": "sni", "362": "[=Branch3]", "363": "smc", "364": "vbo", "365": "cag", "366": "gwg", "367": "smm", "368": "hex", "369": "[Co][OH]1[Co][OH]([Co])[Co]2[OH]([Co]1[OH]2[Co])[Co]", "370": "upb", "371": "qtzx", "372": "jbw", "373": "ket", "374": "vmk", "375": "sur", "376": "tsb", "377": "uoq", "378": "sta", "379": "mer", "380": "wfa", "381": "tfg", "382": "smb", "383": "qtze", "384": "ukg", "385": "[Cu]Br", "386": "cut", "387": "mmm", "388": "stw", "389": "sda", "390": "lfm", "391": "fjh", "392": "gis", "393": "[Ti]", "394": "cus", "395": "apd", "396": "[O][Fe][O]([Fe][O])[Fe][O]", "397": "tcb", "398": "[O][Cr][O]([Cr][O])[Cr][O]", "399": "[Ni][O]([Zn])[Zn]", "400": "wjf", "401": "[Np]1O[Np]O[Np]O1", "402": "btu", "403": "fsl", "404": "vmg", "405": "hcb", "406": "ksx", "407": "[Co][OH]1[Co][OH]([Co]1)[Co]", "408": "mok", "409": "bbx", "410": "ucn", "411": "[OH2][Lu]", "412": "sty", "413": "[Zn][OH][Zn]", "414": "bne", "415": "[Zr]", "416": "ukv", "417": "bbs", "418": "ttx", "419": "anh", "420": "stx", "421": "gee", "422": "ofp", "423": "sow", "424": "tfc", "425": "wiv", "426": "umq", "427": "lim", "428": "ant", "429": "ukc", "430": "xbq", "431": "sms", "432": "zyg", "433": "csq", "434": "[Mg][OH2][Mg]", "435": "[OH2][La]", "436": "cml", "437": "sca", "438": "[Zn][O]([Cd])([Cd])[Cd]", "439": "cdq", "440": "[Sr]", "441": "ums", "442": "etb", "443": "[Cu][OH]([Cu])[Cu]", "444": "nod", "445": "mod", "446": "ile", "447": "[Co][OH]([Co][OH]([Co])[Co])[Co]", "448": "snq", "449": "wgy", "450": "lcs", "451": "[=N+1]", "452": "kea", "453": "wia", "454": "snp", "455": "[Dy][Dy]", "456": "[Zn][OH]1[Zn][OH]([Zn]1)[Zn]", "457": "[CH3]", "458": "phi", "459": "ntt", "460": "can", "461": "cbt", "462": "[O]12[Hf]34[OH]5[Hf]62[OH]2[Hf]71[OH]4[Hf]14[O]3[Hf]35[O]6[Hf]2([O]71)[OH]43", "463": "smu", "464": "tfj", "465": "[Gd]12[OH]3[Gd]4[OH]2[Gd]2[OH]1[Gd]3[OH]42", "466": "Cl[Cd]", "467": "[Co][O]([Zn])[Zn]", "468": "lig", "469": "[In]", "470": "fog", "471": "[Pr][Pr]", "472": "oso", "473": "lqm", "474": "zec", "475": "lwg", "476": "Cl[Cd]Cl", "477": "bcq", "478": "baz", "479": "umo", "480": "epz", "481": "gsi", "482": "som", "483": "lni", "484": "wma", "485": "[=CH1]", "486": "[Cr][Cr]", "487": "[Eu]12[OH]3[Eu]4[OH]2[Eu]2[OH]1[Eu]3[OH]42", "488": "znp", "489": "[Ni][OH]1[Ni][OH]([Ni]1)[Ni]", "490": "bpq", "491": "asv", "492": "Cl[Cu]", "493": "btoe", "494": "uoe", "495": "cbn", "496": "[Ni][OH]1[Ni][OH]([Ni])[Ni]2[OH]([Ni]1[OH]2[Ni])[Ni]", "497": "uox", "498": "tsy", "499": "[Cu][OH]1[Cu][OH]([Cu]1)[Cu]12([OH2][OH2]2)[OH2][OH2]1", "500": "bbv", "501": "vmh", "502": "uow", "503": "etbe", "504": "fvl", "505": "[Cu]I", "506": "uoa", "507": "fvn", "508": "uol", "509": "[Zn][O]([Zn])[Zn]", "510": "osa", "511": "cfc", "512": "ylf", "513": "wji", "514": "ukj", "515": "mjb", "516": "[Fe][O]1[Fe][O]([Fe]1)[Fe]", "517": "iss", "518": "ltj", "519": "fse", "520": "[O]12[Ti]34[OH]5[Ti]62[OH]2[Ti]71[OH]4[Ti]14[O]3[Ti]35[O]6[Ti]2([O]71)[OH]43", "521": "pcb", "522": "[Mg][OH2][Mg][OH2][Mg]", "523": "tsa", "524": "ttu", "525": "qnb", "526": "[OH2][Ni][OH2][Ni]", "527": "bcn", "528": "uop", "529": "phw", "530": "[Cd][Cd]", "531": "wmf", "532": "upd", "533": "unx", "534": "[S][Cu][Cu][S]", "535": "[Sc]", "536": "[Ni]O[Ni]", "537": "stp", "538": "cha", "539": "[O]12[Zr]34[OH]5[Ce]62[OH]2[Zr]71[OH]4[Ce]14[O]3[Zr]35[O]6[Zr]2([O]71)[OH]43", "540": "deh", "541": "umm", "542": "uof", "543": "spl", "544": "[Ag]", "545": "[Fe][O]([Fe])[Fe]", "546": "sno", "547": "vme", "548": "fsy", "549": "Cl[Co]Cl", "550": "[Pr]12[OH]3[Pr]4[OH]2[Pr]2[OH]1[Pr]3[OH]42", "551": "ukn", "552": "bcg", "553": "[Mn][O]([Mn])[Mn]", "554": "[Ni][OH][Ni]", "555": "[Sn][O]1[Sn][O]([Sn]1)[Sn]", "556": "[In][O]1[Mn][O]([Mn]1)[In]", "557": "cdj", "558": "urj", "559": "[IH0]", "560": "smj", "561": "cat5", "562": "cat2", "563": "pyr", "564": "[#CH0]", "565": "tty", "566": "umr", "567": "wmg", "568": "lone", "569": "[Ni]O[Ni]O[Ni]", "570": "wmc", "571": "xat", "572": "[Co]O[Co]1O[Co](O1)O[Co]", "573": "[Rb]1[O]2[O]1[Rb]2", "574": "utp", "575": "brk", "576": "tzs", "577": "ict", "578": "cqh", "579": "[Ni]O[Ni]1O[Ni](O1)O[Ni]", "580": "phx", "581": "umu", "582": "ptsf", "583": "[Cu][OH][Cu][OH][Cu]"}}